timestamp,evolution_type,dataset_name,current_sequence,selection_strategies,stage_size,seed,model_name,n_val_groups,n_test_groups,n_trials,train_error,val_error,test_error
2026-04-18 19:10:00.299597,wavelength,invivo,"[735, 810, 850]",OURS|PFI|SAGE,3,0,mlp,1,1,30,6.248454058997963,10.588828327531248,4.4341361678606095
2026-04-18 19:10:00.299597,wavelength,invivo,"[735, 810, 850]",OURS|PFI|SAGE,3,1,mlp,1,1,30,10.619406900876424,4.361677989801216,6.066913734547843
2026-04-18 19:10:00.299597,wavelength,invivo,"[735, 810, 850]",OURS|PFI|SAGE,3,2,mlp,1,1,30,4.088804768938532,1.585625748145169,11.99589134255775
2026-04-18 19:10:00.299597,wavelength,invivo,"[735, 810, 850]",OURS|PFI|SAGE,3,3,mlp,1,1,30,5.007106404975523,10.82628066247159,4.046710868851591
2026-04-18 19:10:00.299597,wavelength,invivo,"[735, 810, 850]",OURS|PFI|SAGE,3,4,mlp,1,1,30,10.556388182243143,4.524326017538352,6.4941563245308895
2026-04-18 19:10:00.299597,wavelength,invivo,"[735, 850]",PFI,2,0,mlp,1,1,30,8.605874671713709,10.494025032294362,5.516137052760183
2026-04-18 19:10:00.299597,wavelength,invivo,"[735, 850]",PFI,2,1,mlp,1,1,30,10.479426879469129,4.84522611551118,7.229948563457835
2026-04-18 19:10:00.299597,wavelength,invivo,"[735, 850]",PFI,2,2,mlp,1,1,30,4.252532921304857,0.9936584740524694,12.274653736433562
2026-04-18 19:10:00.299597,wavelength,invivo,"[735, 850]",PFI,2,3,mlp,1,1,30,6.120333237530101,10.608523288041676,4.386348042692728
2026-04-18 19:10:00.299597,wavelength,invivo,"[735, 850]",PFI,2,4,mlp,1,1,30,10.751269807426691,4.136867113913773,5.367221321663277
2026-04-18 19:10:00.299597,wavelength,invivo,"[735, 810]",OURS|SAGE,2,0,mlp,1,1,30,6.177723450542796,10.599559366724352,4.407552807303921
2026-04-18 19:10:00.299597,wavelength,invivo,"[735, 810]",OURS|SAGE,2,1,mlp,1,1,30,10.631176272579228,4.336401399372288,5.981428614948638
2026-04-18 19:10:00.299597,wavelength,invivo,"[735, 810]",OURS|SAGE,2,2,mlp,1,1,30,4.152540111052439,1.352187943155018,12.105420876474378
2026-04-18 19:10:00.299597,wavelength,invivo,"[735, 810]",OURS|SAGE,2,3,mlp,1,1,30,5.220186753155101,10.778324943929524,4.100303831363254
2026-04-18 19:10:00.299597,wavelength,invivo,"[735, 810]",OURS|SAGE,2,4,mlp,1,1,30,10.460185404147367,5.014903813569355,7.608985548052324
2026-04-18 19:10:00.299597,wavelength,invivo,[735],OURS|PFI|SAGE,1,0,mlp,1,1,30,6.85463957297932,10.512049209749772,4.679773501995268
2026-04-18 19:10:00.299597,wavelength,invivo,[735],OURS|PFI|SAGE,1,1,mlp,1,1,30,10.464786852858778,4.975049672615235,7.516138039526708
2026-04-18 19:10:00.299597,wavelength,invivo,[735],OURS|PFI|SAGE,1,2,mlp,1,1,30,4.2755173799890605,0.9246123027202516,12.309277465112466
2026-04-18 19:10:00.299597,wavelength,invivo,[735],OURS|PFI|SAGE,1,3,mlp,1,1,30,6.000035910001196,10.628682761331634,4.342268893578496
2026-04-18 19:10:00.299597,wavelength,invivo,[735],OURS|PFI|SAGE,1,4,mlp,1,1,30,10.512135167811753,5.679798778846207,8.921948077775406
2026-04-18 19:38:07.206071,detector_distance,invivo,"[15, 45]",OURS,2,0,mlp,1,1,30,6.084169842481463,10.614290370526188,4.373153298618399
2026-04-18 19:38:07.206071,detector_distance,invivo,"[15, 45]",OURS,2,1,mlp,1,1,30,10.8265678715315,4.04641696640031,5.00588469016682
2026-04-18 19:38:07.206071,detector_distance,invivo,"[15, 45]",OURS,2,2,mlp,1,1,30,4.172940697078248,1.2689100366304338,12.14422335528354
2026-04-18 19:38:07.206071,detector_distance,invivo,"[15, 45]",OURS,2,3,mlp,1,1,30,6.824432368276613,10.515267047217808,4.666649014470832
2026-04-18 19:38:07.206071,detector_distance,invivo,"[15, 45]",OURS,2,4,mlp,1,1,30,10.584835224756125,4.445695965326175,6.294142651022345
2026-04-18 19:38:07.206071,detector_distance,invivo,[30],SAGE,1,0,mlp,1,1,30,6.269537491680492,10.585700540456672,4.442151479658453
2026-04-18 19:38:07.206071,detector_distance,invivo,[30],SAGE,1,1,mlp,1,1,30,10.575416979110356,4.469409513965896,6.340434944413144
2026-04-18 19:38:07.206071,detector_distance,invivo,[30],SAGE,1,2,mlp,1,1,30,3.931557978672533,2.394531769634593,11.651324155647222
2026-04-18 19:38:07.206071,detector_distance,invivo,[30],SAGE,1,3,mlp,1,1,30,7.903668860609944,10.459916395846337,5.1624919682553045
2026-04-18 19:38:07.206071,detector_distance,invivo,[30],SAGE,1,4,mlp,1,1,30,10.588277913167603,4.438991666200626,6.280479212907538
2026-04-18 19:38:07.206071,detector_distance,invivo,"[30, 100]",SAGE,2,0,mlp,1,1,30,5.349831601869591,10.753306579270816,4.132657899130723
2026-04-18 19:38:07.206071,detector_distance,invivo,"[30, 100]",SAGE,2,1,mlp,1,1,30,10.970809801121009,3.933206553122317,4.443646730168163
2026-04-18 19:38:07.206071,detector_distance,invivo,"[30, 100]",SAGE,2,2,mlp,1,1,30,4.193330434032763,1.2048598865968123,12.177232545622628
2026-04-18 19:38:07.206071,detector_distance,invivo,"[30, 100]",SAGE,2,3,mlp,1,1,30,5.023794693828929,10.82241851336965,4.050690136023626
2026-04-18 19:38:07.206071,detector_distance,invivo,"[30, 100]",SAGE,2,4,mlp,1,1,30,10.65864940151054,4.282153449136234,5.830021326719839
2026-04-18 19:38:07.206071,detector_distance,invivo,"[15, 100]",PFI,2,0,mlp,1,1,30,6.105984086698419,10.61193490861918,4.379154374110145
2026-04-18 19:38:07.206071,detector_distance,invivo,"[15, 100]",PFI,2,1,mlp,1,1,30,10.67588854684277,4.250551805386864,5.72823162947649
2026-04-18 19:38:07.206071,detector_distance,invivo,"[15, 100]",PFI,2,2,mlp,1,1,30,4.073733931175066,1.6658821243884447,11.963279260017726
2026-04-18 19:38:07.206071,detector_distance,invivo,"[15, 100]",PFI,2,3,mlp,1,1,30,7.188041784337977,10.482432588966734,4.8263501160652
2026-04-18 19:38:07.206071,detector_distance,invivo,"[15, 100]",PFI,2,4,mlp,1,1,30,10.483972486254336,4.815184471312783,7.168419241485655
2026-04-18 19:38:07.206071,detector_distance,invivo,[15],OURS|PFI,1,0,mlp,1,1,30,5.611786408306468,10.69784397242285,4.213476621370413
2026-04-18 19:38:07.206071,detector_distance,invivo,[15],OURS|PFI,1,1,mlp,1,1,30,10.55190116676983,4.538998192574981,6.525324382791694
2026-04-18 19:38:07.206071,detector_distance,invivo,[15],OURS|PFI,1,2,mlp,1,1,30,4.400043040933319,0.5605912636531479,12.494350580228648
2026-04-18 19:38:07.206071,detector_distance,invivo,[15],OURS|PFI,1,3,mlp,1,1,30,7.813834684479115,10.45806489418485,5.118839142333086
2026-04-18 19:38:07.206071,detector_distance,invivo,[15],OURS|PFI,1,4,mlp,1,1,30,10.807856155154743,4.068188143326683,5.100353500719338
2026-04-18 19:38:07.206071,detector_distance,invivo,"[15, 75, 100]",PFI,3,0,mlp,1,1,30,6.585713806394093,10.542929403469254,4.566002498040725
2026-04-18 19:38:07.206071,detector_distance,invivo,"[15, 75, 100]",PFI,3,1,mlp,1,1,30,10.5303242893642,4.609422706428646,6.688187587450741
2026-04-18 19:38:07.206071,detector_distance,invivo,"[15, 75, 100]",PFI,3,2,mlp,1,1,30,4.04072480552105,1.812635463390177,11.898779206269843
2026-04-18 19:38:07.206071,detector_distance,invivo,"[15, 75, 100]",PFI,3,3,mlp,1,1,30,6.323532624126781,10.577831859550436,4.462870596102707
2026-04-18 19:38:07.206071,detector_distance,invivo,"[15, 75, 100]",PFI,3,4,mlp,1,1,30,10.550334576122312,6.029418638866476,9.57810831173014
2026-04-18 19:38:07.206071,detector_distance,invivo,"[15, 30, 75, 100]",PFI,4,0,mlp,1,1,30,5.341720376732136,10.755089197848456,4.12982511468769
2026-04-18 19:38:07.206071,detector_distance,invivo,"[15, 30, 75, 100]",PFI,4,1,mlp,1,1,30,10.473202413565591,5.324036530951053,8.246638147080752
2026-04-18 19:38:07.206071,detector_distance,invivo,"[15, 30, 75, 100]",PFI,4,2,mlp,1,1,30,4.077450156741525,1.6496365910184012,11.97167014735591
2026-04-18 19:38:07.206071,detector_distance,invivo,"[15, 30, 75, 100]",PFI,4,3,mlp,1,1,30,6.068950625102155,10.617067048121612,4.366678196484013
2026-04-18 19:38:07.206071,detector_distance,invivo,"[15, 30, 75, 100]",PFI,4,4,mlp,1,1,30,10.560647388396516,4.511361163437981,6.455672572579547
2026-04-18 19:38:07.206071,detector_distance,invivo,"[15, 30, 45]",OURS,3,0,mlp,1,1,30,7.574064774395335,10.46154496787746,5.004266464867968
2026-04-18 19:38:07.206071,detector_distance,invivo,"[15, 30, 45]",OURS,3,1,mlp,1,1,30,10.531180665020509,4.607506684009764,6.698104862909677
2026-04-18 19:38:07.206071,detector_distance,invivo,"[15, 30, 45]",OURS,3,2,mlp,1,1,30,4.235815055391043,1.0504197817804408,12.247889334081751
2026-04-18 19:38:07.206071,detector_distance,invivo,"[15, 30, 45]",OURS,3,3,mlp,1,1,30,5.581247849346507,10.703756530808477,4.203997837999498
2026-04-18 19:38:07.206071,detector_distance,invivo,"[15, 30, 45]",OURS,3,4,mlp,1,1,30,10.584669314595365,4.445563847509686,6.286516426123982
2026-04-18 19:38:07.206071,detector_distance,invivo,"[30, 45, 100]",SAGE,3,0,mlp,1,1,30,7.811838669659007,10.45805082979164,5.117818390636104
2026-04-18 19:38:07.206071,detector_distance,invivo,"[30, 45, 100]",SAGE,3,1,mlp,1,1,30,10.461020095300126,5.012216153516734,7.590900940777171
2026-04-18 19:38:07.206071,detector_distance,invivo,"[30, 45, 100]",SAGE,3,2,mlp,1,1,30,4.571260281725447,0.1461694922207347,12.724206990993409
2026-04-18 19:38:07.206071,detector_distance,invivo,"[30, 45, 100]",SAGE,3,3,mlp,1,1,30,6.576328797222484,10.5438349105258,4.563305961422364
2026-04-18 19:38:07.206071,detector_distance,invivo,"[30, 45, 100]",SAGE,3,4,mlp,1,1,30,10.512340698107655,4.679256122624839,6.868722609230342
2026-04-18 19:38:07.206071,detector_distance,invivo,"[15, 30, 45, 100]",OURS|SAGE,4,0,mlp,1,1,30,6.435560449066963,10.56443115849528,4.500243483192208
2026-04-18 19:38:07.206071,detector_distance,invivo,"[15, 30, 45, 100]",OURS|SAGE,4,1,mlp,1,1,30,10.468037663472506,4.926812253376592,7.425054489711625
2026-04-18 19:38:07.206071,detector_distance,invivo,"[15, 30, 45, 100]",OURS|SAGE,4,2,mlp,1,1,30,4.445011510902147,0.4568956169633918,12.555018138355416
2026-04-18 19:38:07.206071,detector_distance,invivo,"[15, 30, 45, 100]",OURS|SAGE,4,3,mlp,1,1,30,6.797695976554762,10.51804128470877,4.655410755991096
2026-04-18 19:38:07.206071,detector_distance,invivo,"[15, 30, 45, 100]",OURS|SAGE,4,4,mlp,1,1,30,11.11160166226616,3.875352070733948,3.9449149824272056
2026-04-18 19:38:07.206071,detector_distance,invivo,"[15, 30, 45, 75, 100]",OURS|PFI|SAGE,5,0,mlp,1,1,30,7.225552124859203,10.479736046741609,4.843239736511525
2026-04-18 19:38:07.206071,detector_distance,invivo,"[15, 30, 45, 75, 100]",OURS|PFI|SAGE,5,1,mlp,1,1,30,10.715727124417873,4.18640911507227,5.540284312134961
2026-04-18 19:38:07.206071,detector_distance,invivo,"[15, 30, 45, 75, 100]",OURS|PFI|SAGE,5,2,mlp,1,1,30,4.477740965427442,0.3592081323892478,12.601698390867616
2026-04-18 19:38:07.206071,detector_distance,invivo,"[15, 30, 45, 75, 100]",OURS|PFI|SAGE,5,3,mlp,1,1,30,4.593965790148049,10.9280191793654,3.960009198670761
2026-04-18 19:38:07.206071,detector_distance,invivo,"[15, 30, 45, 75, 100]",OURS|PFI|SAGE,5,4,mlp,1,1,30,10.555376159736154,4.527158915099698,6.4985280186455565
2026-04-18 23:48:14.252736,detector_distance,simulation,"[10, 70, 90]",SAGE,3,0,mlp,1,1,30,0.0376003822002595,0.0371830501817217,0.03711803247705
2026-04-18 23:48:14.252736,detector_distance,simulation,"[10, 70, 90]",SAGE,3,1,mlp,1,1,30,0.0524966136880719,0.0524204507674536,0.0523755187953123
2026-04-18 23:48:14.252736,detector_distance,simulation,"[10, 70, 90]",SAGE,3,2,mlp,1,1,30,0.0384326935527317,0.0382162190340101,0.0382274527026056
2026-04-18 23:48:14.252736,detector_distance,simulation,"[10, 70, 90]",SAGE,3,3,mlp,1,1,30,0.0381078035195086,0.0373264297490379,0.0368733277603145
2026-04-18 23:48:14.252736,detector_distance,simulation,"[10, 70, 90]",SAGE,3,4,mlp,1,1,30,0.0328308656342859,0.032895932443675,0.033091137195913
2026-04-18 23:48:14.252736,detector_distance,simulation,[70],OURS|PFI,1,0,mlp,1,1,30,0.0766069927461067,0.0780715579302427,0.0776117225436925
2026-04-18 23:48:14.252736,detector_distance,simulation,[70],OURS|PFI,1,1,mlp,1,1,30,0.070231077148335,0.0701534621765011,0.0701313796766173
2026-04-18 23:48:14.252736,detector_distance,simulation,[70],OURS|PFI,1,2,mlp,1,1,30,0.0700024076002881,0.0698312308031181,0.0700523195959453
2026-04-18 23:48:14.252736,detector_distance,simulation,[70],OURS|PFI,1,3,mlp,1,1,30,0.0686781405595186,0.0683695958316612,0.0681670912765017
2026-04-18 23:48:14.252736,detector_distance,simulation,[70],OURS|PFI,1,4,mlp,1,1,30,0.0684195903265294,0.0686017619177637,0.0687349525371001
2026-04-18 23:48:14.252736,detector_distance,simulation,[10],SAGE,1,0,mlp,1,1,30,0.1113041381041209,0.1113041381041208,0.1113041381041208
2026-04-18 23:48:14.252736,detector_distance,simulation,[10],SAGE,1,1,mlp,1,1,30,0.1112179219416139,0.1112179694607833,0.1112179461227849
2026-04-18 23:48:14.252736,detector_distance,simulation,[10],SAGE,1,2,mlp,1,1,30,0.1114675953866727,0.11146765452885,0.1114675356210586
2026-04-18 23:48:14.252736,detector_distance,simulation,[10],SAGE,1,3,mlp,1,1,30,0.1112199929025438,0.1112199929025438,0.1112199929025438
2026-04-18 23:48:14.252736,detector_distance,simulation,[10],SAGE,1,4,mlp,1,1,30,0.1118676490253872,0.1118676490253872,0.1118676490253872
2026-04-18 23:48:14.252736,detector_distance,simulation,"[10, 90]",SAGE,2,0,mlp,1,1,30,0.0664883164382336,0.066290289034814,0.066301004849221
2026-04-18 23:48:14.252736,detector_distance,simulation,"[10, 90]",SAGE,2,1,mlp,1,1,30,0.0526942095046017,0.0521022395592371,0.0523800330591708
2026-04-18 23:48:14.252736,detector_distance,simulation,"[10, 90]",SAGE,2,2,mlp,1,1,30,0.048970841008158,0.0486615819705775,0.0492001182697355
2026-04-18 23:48:14.252736,detector_distance,simulation,"[10, 90]",SAGE,2,3,mlp,1,1,30,0.0567992232280013,0.0558845036549414,0.0550828173690167
2026-04-18 23:48:14.252736,detector_distance,simulation,"[10, 90]",SAGE,2,4,mlp,1,1,30,0.0798562590258939,0.0792310522212576,0.0790421059843157
2026-04-18 23:48:14.252736,detector_distance,simulation,"[70, 90]",OURS|PFI,2,0,mlp,1,1,30,0.0490178739256002,0.0507573436025852,0.0500332389829171
2026-04-18 23:48:14.252736,detector_distance,simulation,"[70, 90]",OURS|PFI,2,1,mlp,1,1,30,0.0488414501769414,0.049072816221373,0.048836764946212
2026-04-18 23:48:14.252736,detector_distance,simulation,"[70, 90]",OURS|PFI,2,2,mlp,1,1,30,0.0521334073665987,0.0518442654545292,0.0523374459446907
2026-04-18 23:48:14.252736,detector_distance,simulation,"[70, 90]",OURS|PFI,2,3,mlp,1,1,30,0.037900215682838,0.038310760548351,0.0389275741046716
2026-04-18 23:48:14.252736,detector_distance,simulation,"[70, 90]",OURS|PFI,2,4,mlp,1,1,30,0.0405487717765502,0.0412388397516128,0.0418328768201939
2026-04-18 23:48:14.252736,detector_distance,simulation,"[10, 30, 70, 90]",SAGE,4,0,mlp,1,1,30,0.0607688169688783,0.0585022952366717,0.0591541851871993
2026-04-18 23:48:14.252736,detector_distance,simulation,"[10, 30, 70, 90]",SAGE,4,1,mlp,1,1,30,0.0376658131401674,0.0380002845477297,0.0376926403732865
2026-04-18 23:48:14.252736,detector_distance,simulation,"[10, 30, 70, 90]",SAGE,4,2,mlp,1,1,30,0.0386563775917855,0.0385510892590663,0.0384197384696479
2026-04-18 23:48:14.252736,detector_distance,simulation,"[10, 30, 70, 90]",SAGE,4,3,mlp,1,1,30,0.0600135853114206,0.0599545398514988,0.0601581217299518
2026-04-18 23:48:14.252736,detector_distance,simulation,"[10, 30, 70, 90]",SAGE,4,4,mlp,1,1,30,0.0509941867440274,0.0503079353342412,0.0500827895807018
2026-04-18 23:48:14.252736,detector_distance,simulation,"[10, 50, 70, 90]",OURS,4,0,mlp,1,1,30,0.0391926629646375,0.0410971652036749,0.0404465413469673
2026-04-18 23:48:14.252736,detector_distance,simulation,"[10, 50, 70, 90]",OURS,4,1,mlp,1,1,30,0.0443475450515563,0.0456962414499786,0.044875576435518
2026-04-18 23:48:14.252736,detector_distance,simulation,"[10, 50, 70, 90]",OURS,4,2,mlp,1,1,30,0.04907068744358,0.048773780094641,0.0494113731730744
2026-04-18 23:48:14.252736,detector_distance,simulation,"[10, 50, 70, 90]",OURS,4,3,mlp,1,1,30,0.0369651696648556,0.0359826761007881,0.0356655976700562
2026-04-18 23:48:14.252736,detector_distance,simulation,"[10, 50, 70, 90]",OURS,4,4,mlp,1,1,30,0.0331756123962501,0.0346169362721047,0.0354046314750352
2026-04-18 23:48:14.252736,detector_distance,simulation,"[50, 70, 90]",OURS|PFI,3,0,mlp,1,1,30,0.0400524741317182,0.0420697168614434,0.041159403912815
2026-04-18 23:48:14.252736,detector_distance,simulation,"[50, 70, 90]",OURS|PFI,3,1,mlp,1,1,30,0.0381149188395645,0.0373305594019683,0.0373929860083123
2026-04-18 23:48:14.252736,detector_distance,simulation,"[50, 70, 90]",OURS|PFI,3,2,mlp,1,1,30,0.0377770627400389,0.0370752569446429,0.037546204263536
2026-04-18 23:48:14.252736,detector_distance,simulation,"[50, 70, 90]",OURS|PFI,3,3,mlp,1,1,30,0.0371937810792108,0.0372270049483851,0.0376995480206727
2026-04-18 23:48:14.252736,detector_distance,simulation,"[50, 70, 90]",OURS|PFI,3,4,mlp,1,1,30,0.0357827610126728,0.0361889959562094,0.036746125435265
2026-04-18 23:48:14.252736,detector_distance,simulation,"[30, 50, 70, 90]",PFI,4,0,mlp,1,1,30,0.0515465135655438,0.0551663929823944,0.0540366217923262
2026-04-18 23:48:14.252736,detector_distance,simulation,"[30, 50, 70, 90]",PFI,4,1,mlp,1,1,30,0.0397341015631146,0.0406741503907165,0.0397468171400543
2026-04-18 23:48:14.252736,detector_distance,simulation,"[30, 50, 70, 90]",PFI,4,2,mlp,1,1,30,0.0407373688711346,0.0405693455636296,0.0402600394799508
2026-04-18 23:48:14.252736,detector_distance,simulation,"[30, 50, 70, 90]",PFI,4,3,mlp,1,1,30,0.041483440361176,0.0416127651526154,0.0421454875787467
2026-04-18 23:48:14.252736,detector_distance,simulation,"[30, 50, 70, 90]",PFI,4,4,mlp,1,1,30,0.043162184581927,0.0435393133756432,0.0440997192924855
2026-04-18 23:48:14.252736,detector_distance,simulation,"[10, 30, 50, 70, 90]",OURS|PFI|SAGE,5,0,mlp,1,1,30,0.0507043519740814,0.051322134977669,0.0509660557346783
2026-04-18 23:48:14.252736,detector_distance,simulation,"[10, 30, 50, 70, 90]",OURS|PFI|SAGE,5,1,mlp,1,1,30,0.0448925679705434,0.0433904660444078,0.0441168571782741
2026-04-18 23:48:14.252736,detector_distance,simulation,"[10, 30, 50, 70, 90]",OURS|PFI|SAGE,5,2,mlp,1,1,30,0.0392874106495233,0.0391900575460434,0.0388479994321229
2026-04-18 23:48:14.252736,detector_distance,simulation,"[10, 30, 50, 70, 90]",OURS|PFI|SAGE,5,3,mlp,1,1,30,0.0390184560147419,0.0377508799631061,0.0370418528319733
2026-04-18 23:48:14.252736,detector_distance,simulation,"[10, 30, 50, 70, 90]",OURS|PFI|SAGE,5,4,mlp,1,1,30,0.0379496182113201,0.0365813102961526,0.036195648564805
2026-04-19 11:30:39.046637,detector_distance,simulation,[10],SAGE,1,0,mlp,1,1,30,0.1113632644849876,0.1113642141580663,0.1113639423753989
2026-04-19 11:30:39.046637,detector_distance,simulation,[10],SAGE,1,1,mlp,1,1,30,0.1114077627224482,0.1114084014155491,0.1114080808208475
2026-04-19 11:30:39.046637,detector_distance,simulation,[10],SAGE,1,2,mlp,1,1,30,0.1115609768818966,0.1115609770224254,0.1115609776203115
2026-04-19 11:30:39.046637,detector_distance,simulation,[10],SAGE,1,3,mlp,1,1,30,0.1127428207132551,0.1127428207132551,0.1127428207132551
2026-04-19 11:30:39.046637,detector_distance,simulation,[10],SAGE,1,4,mlp,1,1,30,0.1112804803583357,0.1112804803583357,0.1112804803583357
2026-04-19 11:30:39.046637,detector_distance,simulation,[70],OURS|PFI,1,0,mlp,1,1,30,0.0693910427092586,0.0698325066925607,0.0696489446974054
2026-04-19 11:30:39.046637,detector_distance,simulation,[70],OURS|PFI,1,1,mlp,1,1,30,0.0808829474311439,0.0811309823722914,0.0809734757708587
2026-04-19 11:30:39.046637,detector_distance,simulation,[70],OURS|PFI,1,2,mlp,1,1,30,0.065494286456236,0.0656231631482702,0.0650682296471054
2026-04-19 11:30:39.046637,detector_distance,simulation,[70],OURS|PFI,1,3,mlp,1,1,30,0.0609288509392188,0.060658950463898,0.0606067306859053
2026-04-19 11:30:39.046637,detector_distance,simulation,[70],OURS|PFI,1,4,mlp,1,1,30,0.0619610426748179,0.0615652032360046,0.0614814710475003
2026-04-19 11:30:39.046637,detector_distance,simulation,"[70, 90]",OURS|PFI,2,0,mlp,1,1,30,0.0471330190274164,0.0470343981071059,0.0470475297257692
2026-04-19 11:30:39.046637,detector_distance,simulation,"[70, 90]",OURS|PFI,2,1,mlp,1,1,30,0.0513859749832976,0.0529499245431933,0.0520124835241969
2026-04-19 11:30:39.046637,detector_distance,simulation,"[70, 90]",OURS|PFI,2,2,mlp,1,1,30,0.0682093664060956,0.0683097547423528,0.0679474559800369
2026-04-19 11:30:39.046637,detector_distance,simulation,"[70, 90]",OURS|PFI,2,3,mlp,1,1,30,0.0610892530783642,0.0611944911973384,0.0614208474663304
2026-04-19 11:30:39.046637,detector_distance,simulation,"[70, 90]",OURS|PFI,2,4,mlp,1,1,30,0.0439407751464958,0.04525212251999,0.0459452270832939
2026-04-19 11:30:39.046637,detector_distance,simulation,"[10, 90]",SAGE,2,0,mlp,1,1,30,0.0477571692436534,0.0479891791663788,0.0478678551843627
2026-04-19 11:30:39.046637,detector_distance,simulation,"[10, 90]",SAGE,2,1,mlp,1,1,30,0.0555656416144922,0.0566499169231156,0.0560369829408344
2026-04-19 11:30:39.046637,detector_distance,simulation,"[10, 90]",SAGE,2,2,mlp,1,1,30,0.0499565721460105,0.0496567967696567,0.0500770653078053
2026-04-19 11:30:39.046637,detector_distance,simulation,"[10, 90]",SAGE,2,3,mlp,1,1,30,0.0418425781451758,0.0420205703753829,0.0423141240956075
2026-04-19 11:30:39.046637,detector_distance,simulation,"[10, 90]",SAGE,2,4,mlp,1,1,30,0.0471987436701823,0.0479405654203376,0.048297178458591
2026-04-19 11:30:39.046637,detector_distance,simulation,"[10, 70, 90]",SAGE,3,0,mlp,1,1,30,0.1116070091724395,0.1116070091724395,0.1116070091724395
2026-04-19 11:30:39.046637,detector_distance,simulation,"[10, 70, 90]",SAGE,3,1,mlp,1,1,30,0.0393371038720144,0.0395841475601713,0.0392986480310171
2026-04-19 11:30:39.046637,detector_distance,simulation,"[10, 70, 90]",SAGE,3,2,mlp,1,1,30,0.0524972774871511,0.0526081170002701,0.0520863047746024
2026-04-19 11:30:39.046637,detector_distance,simulation,"[10, 70, 90]",SAGE,3,3,mlp,1,1,30,0.0512994291159913,0.0508164215807398,0.0506994168280492
2026-04-19 11:30:39.046637,detector_distance,simulation,"[10, 70, 90]",SAGE,3,4,mlp,1,1,30,0.0409715949358426,0.0404917812243165,0.0406706716134551
2026-04-19 11:30:39.046637,detector_distance,simulation,"[50, 70, 90]",OURS|PFI,3,0,mlp,1,1,30,0.0507000513673748,0.0504365927893642,0.0504029266244958
2026-04-19 11:30:39.046637,detector_distance,simulation,"[50, 70, 90]",OURS|PFI,3,1,mlp,1,1,30,0.03951776597447,0.0389995331815935,0.0392078928046429
2026-04-19 11:30:39.046637,detector_distance,simulation,"[50, 70, 90]",OURS|PFI,3,2,mlp,1,1,30,0.0484821585492474,0.0481326260204096,0.0479581090536055
2026-04-19 11:30:39.046637,detector_distance,simulation,"[50, 70, 90]",OURS|PFI,3,3,mlp,1,1,30,0.0351712019222345,0.0346473684884474,0.0344443057064575
2026-04-19 11:30:39.046637,detector_distance,simulation,"[50, 70, 90]",OURS|PFI,3,4,mlp,1,1,30,0.0497286825640119,0.0506362793065188,0.0509855860908131
2026-04-19 11:30:39.046637,detector_distance,simulation,"[10, 30, 70, 90]",SAGE,4,0,mlp,1,1,30,0.0312352245401422,0.0318017384724688,0.0314229856410021
2026-04-19 11:30:39.046637,detector_distance,simulation,"[10, 30, 70, 90]",SAGE,4,1,mlp,1,1,30,0.0443737323432956,0.0449785916198591,0.0444752121740244
2026-04-19 11:30:39.046637,detector_distance,simulation,"[10, 30, 70, 90]",SAGE,4,2,mlp,1,1,30,0.0466457191425463,0.0466898134880187,0.0463978893513215
2026-04-19 11:30:39.046637,detector_distance,simulation,"[10, 30, 70, 90]",SAGE,4,3,mlp,1,1,30,0.0353083941427574,0.0350751478035917,0.0352049621826214
2026-04-19 11:30:39.046637,detector_distance,simulation,"[10, 30, 70, 90]",SAGE,4,4,mlp,1,1,30,0.0509340509215295,0.0509609788937292,0.0511633454894823
2026-04-19 11:30:39.046637,detector_distance,simulation,"[30, 50, 70, 90]",PFI,4,0,mlp,1,1,30,0.0328393074367016,0.0306324746439281,0.030911004826406
2026-04-19 11:30:39.046637,detector_distance,simulation,"[30, 50, 70, 90]",PFI,4,1,mlp,1,1,30,0.043742332573142,0.0447507106759093,0.0442020961956027
2026-04-19 11:30:39.046637,detector_distance,simulation,"[30, 50, 70, 90]",PFI,4,2,mlp,1,1,30,0.0319862203325038,0.0314082362514055,0.0313943634824047
2026-04-19 11:30:39.046637,detector_distance,simulation,"[30, 50, 70, 90]",PFI,4,3,mlp,1,1,30,0.0397513953677604,0.0396561728338155,0.0397924305291128
2026-04-19 11:30:39.046637,detector_distance,simulation,"[30, 50, 70, 90]",PFI,4,4,mlp,1,1,30,0.0318277219112385,0.0333188041789132,0.0341576459297631
2026-04-19 11:30:39.046637,detector_distance,simulation,"[10, 50, 70, 90]",OURS,4,0,mlp,1,1,30,0.0500062939634263,0.048477931126993,0.0485706933144229
2026-04-19 11:30:39.046637,detector_distance,simulation,"[10, 50, 70, 90]",OURS,4,1,mlp,1,1,30,0.0336539949346665,0.0328759219359468,0.0330559749002932
2026-04-19 11:30:39.046637,detector_distance,simulation,"[10, 50, 70, 90]",OURS,4,2,mlp,1,1,30,0.0346344744206619,0.0341219487258926,0.0343415709603347
2026-04-19 11:30:39.046637,detector_distance,simulation,"[10, 50, 70, 90]",OURS,4,3,mlp,1,1,30,0.0385526507073407,0.0382345861705487,0.0382949649587539
2026-04-19 11:30:39.046637,detector_distance,simulation,"[10, 50, 70, 90]",OURS,4,4,mlp,1,1,30,0.031094560874511,0.032836150165407,0.0337324110650558
2026-04-19 11:30:39.046637,detector_distance,simulation,"[10, 30, 50, 70, 90]",OURS|PFI|SAGE,5,0,mlp,1,1,30,0.0390183320290706,0.0381186362739207,0.0381234519086543
2026-04-19 11:30:39.046637,detector_distance,simulation,"[10, 30, 50, 70, 90]",OURS|PFI|SAGE,5,1,mlp,1,1,30,0.0418820392489893,0.0410386121010379,0.0412346174355356
2026-04-19 11:30:39.046637,detector_distance,simulation,"[10, 30, 50, 70, 90]",OURS|PFI|SAGE,5,2,mlp,1,1,30,0.0389720494586805,0.0388774410370527,0.0381975409282251
2026-04-19 11:30:39.046637,detector_distance,simulation,"[10, 30, 50, 70, 90]",OURS|PFI|SAGE,5,3,mlp,1,1,30,0.0424933264269627,0.0424729537024623,0.0429386243183262
2026-04-19 11:30:39.046637,detector_distance,simulation,"[10, 30, 50, 70, 90]",OURS|PFI|SAGE,5,4,mlp,1,1,30,0.0460228349083449,0.0452363835261886,0.0452014030354667
2026-04-19 18:46:10.800673,wavelength,simulation,"[690, 735, 850]",OURS,3,0,mlp,1,1,30,0.050606754396509364,0.0501240969905106,0.05016092724321392
2026-04-19 18:46:10.800673,wavelength,simulation,"[690, 735, 850]",OURS,3,1,mlp,1,1,30,0.04129640695476708,0.04041013073569626,0.04076948642311681
2026-04-19 18:46:10.800673,wavelength,simulation,"[690, 735, 850]",OURS,3,2,mlp,1,1,30,0.11118145386377969,0.11118145386377969,0.11118145386377969
2026-04-19 18:46:10.800673,wavelength,simulation,"[690, 735, 850]",OURS,3,3,mlp,1,1,30,0.06169486643991782,0.06183118284596909,0.06210496404625996
2026-04-19 18:46:10.800673,wavelength,simulation,"[690, 735, 850]",OURS,3,4,mlp,1,1,30,0.07338754793089931,0.07354944909632778,0.07370666187813579
2026-04-19 18:46:10.800673,wavelength,simulation,[690],OURS|PFI,1,0,mlp,1,1,30,0.06956257055818892,0.06965456846258278,0.0695568555462671
2026-04-19 18:46:10.800673,wavelength,simulation,[690],OURS|PFI,1,1,mlp,1,1,30,0.06278150567008164,0.06322041989875184,0.062924959665913
2026-04-19 18:46:10.800673,wavelength,simulation,[690],OURS|PFI,1,2,mlp,1,1,30,0.060127013427331864,0.06005691452761818,0.06000678847008609
2026-04-19 18:46:10.800673,wavelength,simulation,[690],OURS|PFI,1,3,mlp,1,1,30,0.07859992695479195,0.07811508615423296,0.07771928804391287
2026-04-19 18:46:10.800673,wavelength,simulation,[690],OURS|PFI,1,4,mlp,1,1,30,0.07509669631742584,0.07443454484972689,0.07425348612138764
2026-04-19 18:46:10.800673,wavelength,simulation,"[690, 735]",OURS|PFI,2,0,mlp,1,1,30,0.0606004192090155,0.060756855904647196,0.06067406268757148
2026-04-19 18:46:10.800673,wavelength,simulation,"[690, 735]",OURS|PFI,2,1,mlp,1,1,30,0.0673249151631781,0.067324038069128,0.06728741456492612
2026-04-19 18:46:10.800673,wavelength,simulation,"[690, 735]",OURS|PFI,2,2,mlp,1,1,30,0.05522033062524613,0.05506002686621394,0.05524939050174871
2026-04-19 18:46:10.800673,wavelength,simulation,"[690, 735]",OURS|PFI,2,3,mlp,1,1,30,0.058102568065739955,0.0581117664886682,0.058226239565243774
2026-04-19 18:46:10.800673,wavelength,simulation,"[690, 735]",OURS|PFI,2,4,mlp,1,1,30,0.11128295527564155,0.11128295527564154,0.11128295527564154
2026-04-19 18:46:10.800673,wavelength,simulation,[910],SAGE,1,0,mlp,1,1,30,0.11115703715218439,0.11115703715218438,0.11115703715218438
2026-04-19 18:46:10.800673,wavelength,simulation,[910],SAGE,1,1,mlp,1,1,30,0.11182103157043456,0.11182103157043456,0.11182103157043456
2026-04-19 18:46:10.800673,wavelength,simulation,[910],SAGE,1,2,mlp,1,1,30,0.1112435767843563,0.11124357782171422,0.11124357592585318
2026-04-19 18:46:10.800673,wavelength,simulation,[910],SAGE,1,3,mlp,1,1,30,0.11147457427448698,0.11147457427448695,0.11147457427448695
2026-04-19 18:46:10.800673,wavelength,simulation,[910],SAGE,1,4,mlp,1,1,30,0.11122334069675871,0.11122334069675868,0.11122334069675868
2026-04-19 18:46:10.800673,wavelength,simulation,"[850, 910]",SAGE,2,0,mlp,1,1,30,0.1111614600759107,0.11116142531419977,0.11116143549870397
2026-04-19 18:46:10.800673,wavelength,simulation,"[850, 910]",SAGE,2,1,mlp,1,1,30,0.11259052554766338,0.11259052554766337,0.11259052554766337
2026-04-19 18:46:10.800673,wavelength,simulation,"[850, 910]",SAGE,2,2,mlp,1,1,30,0.11142563886112639,0.11142563886112636,0.11142563886112636
2026-04-19 18:46:10.800673,wavelength,simulation,"[850, 910]",SAGE,2,3,mlp,1,1,30,0.11131733391020034,0.11131733391020032,0.11131733391020032
2026-04-19 18:46:10.800673,wavelength,simulation,"[850, 910]",SAGE,2,4,mlp,1,1,30,0.11124477518929377,0.11124477518929375,0.11124477518929375
2026-04-19 18:46:10.800673,wavelength,simulation,"[690, 850, 910]",SAGE,3,0,mlp,1,1,30,0.048298798234997865,0.04952113083391278,0.0490320607360621
2026-04-19 18:46:10.800673,wavelength,simulation,"[690, 850, 910]",SAGE,3,1,mlp,1,1,30,0.0486932257645149,0.048904953235747554,0.04862661046603253
2026-04-19 18:46:10.800673,wavelength,simulation,"[690, 850, 910]",SAGE,3,2,mlp,1,1,30,0.11119840807384913,0.11119840807384913,0.11119840807384913
2026-04-19 18:46:10.800673,wavelength,simulation,"[690, 850, 910]",SAGE,3,3,mlp,1,1,30,0.053708692677753404,0.05402428690798897,0.05454031354626347
2026-04-19 18:46:10.800673,wavelength,simulation,"[690, 850, 910]",SAGE,3,4,mlp,1,1,30,0.05416214063671636,0.05428588335109754,0.05454215550813083
2026-04-19 18:46:10.800673,wavelength,simulation,"[690, 735, 910]",PFI,3,0,mlp,1,1,30,0.056799505570895754,0.057808488714719504,0.05739052910281062
2026-04-19 18:46:10.800673,wavelength,simulation,"[690, 735, 910]",PFI,3,1,mlp,1,1,30,0.043054019691312714,0.043791970404169045,0.043267700450165286
2026-04-19 18:46:10.800673,wavelength,simulation,"[690, 735, 910]",PFI,3,2,mlp,1,1,30,0.1111154019832611,0.1111154019832611,0.1111154019832611
2026-04-19 18:46:10.800673,wavelength,simulation,"[690, 735, 910]",PFI,3,3,mlp,1,1,30,0.05731966924011728,0.05757510344688212,0.05800406220784239
2026-04-19 18:46:10.800673,wavelength,simulation,"[690, 735, 910]",PFI,3,4,mlp,1,1,30,0.11153822210099963,0.11153822210099962,0.11153822210099962
2026-04-19 18:46:10.800673,wavelength,simulation,"[690, 735, 810, 850, 910]",OURS|PFI|SAGE,5,0,mlp,1,1,30,0.03639634261431559,0.037159016390621094,0.03666535782204898
2026-04-19 18:46:10.800673,wavelength,simulation,"[690, 735, 810, 850, 910]",OURS|PFI|SAGE,5,1,mlp,1,1,30,0.044611452824457845,0.044262102571289236,0.044287914719396825
2026-04-19 18:46:10.800673,wavelength,simulation,"[690, 735, 810, 850, 910]",OURS|PFI|SAGE,5,2,mlp,1,1,30,0.034606523848865665,0.03384639748636587,0.0345729926629158
2026-04-19 18:46:10.800673,wavelength,simulation,"[690, 735, 810, 850, 910]",OURS|PFI|SAGE,5,3,mlp,1,1,30,0.04344919285799577,0.04332240142991105,0.04368445306648443
2026-04-19 18:46:10.800673,wavelength,simulation,"[690, 735, 810, 850, 910]",OURS|PFI|SAGE,5,4,mlp,1,1,30,0.04453404634687615,0.043603521806733436,0.043812560013128735
2026-04-19 18:46:10.800673,wavelength,simulation,"[690, 735, 850, 910]",OURS|PFI|SAGE,4,0,mlp,1,1,30,0.048641818131617845,0.0495827714285324,0.04924480695640273
2026-04-19 18:46:10.800673,wavelength,simulation,"[690, 735, 850, 910]",OURS|PFI|SAGE,4,1,mlp,1,1,30,0.049199953326758694,0.04933509790940294,0.04914105096870244
2026-04-19 18:46:10.800673,wavelength,simulation,"[690, 735, 850, 910]",OURS|PFI|SAGE,4,2,mlp,1,1,30,0.04719500579846964,0.046980499844635294,0.047127706651538814
2026-04-19 18:46:10.800673,wavelength,simulation,"[690, 735, 850, 910]",OURS|PFI|SAGE,4,3,mlp,1,1,30,0.041793440385952854,0.04192666109492913,0.04218809826015935
2026-04-19 18:46:10.800673,wavelength,simulation,"[690, 735, 850, 910]",OURS|PFI|SAGE,4,4,mlp,1,1,30,0.040881385336232735,0.04167173085644821,0.04216064166926634
